{
  "label_metrics": {
    "amota": {
      "bicycle": 0.4367969099865651,
      "bus": 1.0,
      "car": 0.7968904052780291,
      "motorcycle": 0.5327257939085864,
      "pedestrian": 0.7133307625762346,
      "trailer": NaN,
      "truck": 0.8900767160796903
    },
    "amotp": {
      "bicycle": 0.578224424391349,
      "bus": 0.24212062695777528,
      "car": 0.40162818578880605,
      "motorcycle": 0.7310334457347587,
      "pedestrian": 0.45337479755443083,
      "trailer": NaN,
      "truck": 0.3473858155315298
    },
    "recall": {
      "bicycle": 0.5365853658536586,
      "bus": 1.0,
      "car": 0.893510054844607,
      "motorcycle": 0.8169642857142857,
      "pedestrian": 0.7536764705882353,
      "trailer": NaN,
      "truck": 0.8947368421052632
    },
    "motar": {
      "bicycle": 0.5454545454545454,
      "bus": 1.0,
      "car": 0.7733194372068786,
      "motorcycle": 0.7630057803468208,
      "pedestrian": 0.8403041825095057,
      "trailer": NaN,
      "truck": 0.8941176470588236
    },
    "gt": {
      "bicycle": 41.0,
      "bus": 33.0,
      "car": 2188.0,
      "motorcycle": 224.0,
      "pedestrian": 1088.0,
      "trailer": NaN,
      "truck": 95.0
    },
    "mota": {
      "bicycle": 0.29268292682926833,
      "bus": 1.0,
      "car": 0.6782449725776964,
      "motorcycle": 0.5892857142857143,
      "pedestrian": 0.609375,
      "trailer": NaN,
      "truck": 0.8
    },
    "motp": {
      "bicycle": 0.2654318229155362,
      "bus": 0.24212062695777528,
      "car": 0.278460055413429,
      "motorcycle": 0.5683964342871664,
      "pedestrian": 0.37426368856725256,
      "trailer": NaN,
      "truck": 0.21623858858362865
    },
    "mt": {
      "bicycle": 3.0,
      "bus": 1.0,
      "car": 85.0,
      "motorcycle": 5.0,
      "pedestrian": 38.0,
      "trailer": NaN,
      "truck": 3.0
    },
    "ml": {
      "bicycle": 3.0,
      "bus": 0.0,
      "car": 15.0,
      "motorcycle": 0.0,
      "pedestrian": 17.0,
      "trailer": NaN,
      "truck": 1.0
    },
    "faf": {
      "bicycle": 47.61904761904761,
      "bus": 0.0,
      "car": 537.0370370370371,
      "motorcycle": 83.6734693877551,
      "pedestrian": 193.84615384615384,
      "trailer": NaN,
      "truck": 15.789473684210526
    },
    "tp": {
      "bicycle": 22.0,
      "bus": 33.0,
      "car": 1919.0,
      "motorcycle": 173.0,
      "pedestrian": 789.0,
      "trailer": NaN,
      "truck": 85.0
    },
    "fp": {
      "bicycle": 10.0,
      "bus": 0.0,
      "car": 435.0,
      "motorcycle": 41.0,
      "pedestrian": 126.0,
      "trailer": NaN,
      "truck": 9.0
    },
    "fn": {
      "bicycle": 19.0,
      "bus": 0.0,
      "car": 233.0,
      "motorcycle": 41.0,
      "pedestrian": 268.0,
      "trailer": NaN,
      "truck": 10.0
    },
    "ids": {
      "bicycle": 0.0,
      "bus": 0.0,
      "car": 36.0,
      "motorcycle": 10.0,
      "pedestrian": 31.0,
      "trailer": NaN,
      "truck": 0.0
    },
    "frag": {
      "bicycle": 0.0,
      "bus": 0.0,
      "car": 16.0,
      "motorcycle": 3.0,
      "pedestrian": 9.0,
      "trailer": NaN,
      "truck": 1.0
    },
    "tid": {
      "bicycle": 0.125,
      "bus": 0.0,
      "car": 0.43,
      "motorcycle": 1.15,
      "pedestrian": 0.9807692307692307,
      "trailer": NaN,
      "truck": 0.16666666666666666
    },
    "lgd": {
      "bicycle": 0.125,
      "bus": 0.0,
      "car": 0.645,
      "motorcycle": 1.5,
      "pedestrian": 1.2692307692307692,
      "trailer": NaN,
      "truck": 0.3333333333333333
    }
  },
  "eval_time": 46.42224454879761,
  "cfg": {
    "tracking_names": [
      "bicycle",
      "bus",
      "car",
      "motorcycle",
      "pedestrian",
      "trailer",
      "truck"
    ],
    "pretty_tracking_names": {
      "bicycle": "Bicycle",
      "bus": "Bus",
      "car": "Car",
      "motorcycle": "Motorcycle",
      "pedestrian": "Pedestrian",
      "trailer": "Trailer",
      "truck": "Truck"
    },
    "tracking_colors": {
      "bicycle": "C9",
      "bus": "C2",
      "car": "C0",
      "motorcycle": "C6",
      "pedestrian": "C5",
      "trailer": "C3",
      "truck": "C1"
    },
    "class_range": {
      "car": 50,
      "truck": 50,
      "bus": 50,
      "trailer": 50,
      "pedestrian": 40,
      "motorcycle": 40,
      "bicycle": 40
    },
    "dist_fcn": "center_distance",
    "dist_th_tp": 2.0,
    "min_recall": 0.1,
    "max_boxes_per_sample": 500,
    "metric_worst": {
      "amota": 0.0,
      "amotp": 2.0,
      "recall": 0.0,
      "motar": 0.0,
      "mota": 0.0,
      "motp": 2.0,
      "mt": 0.0,
      "ml": -1.0,
      "faf": 500,
      "gt": -1,
      "tp": 0.0,
      "fp": -1.0,
      "fn": -1.0,
      "ids": -1.0,
      "frag": -1.0,
      "tid": 20,
      "lgd": 20
    },
    "num_thresholds": 40
  },
  "amota": 0.7283034313048509,
  "amotp": 0.4589612159931083,
  "recall": 0.8159121698510082,
  "motar": 0.802700265429429,
  "gt": 611.5,
  "mota": 0.6615981022821131,
  "motp": 0.3241518694541314,
  "mt": 135.0,
  "ml": 36.0,
  "faf": 146.32753026236733,
  "tp": 3021.0,
  "fp": 621.0,
  "fn": 571.0,
  "ids": 77.0,
  "frag": 29.0,
  "tid": 0.47540598290598285,
  "lgd": 0.6454273504273504,
  "meta": {
    "use_camera": true,
    "use_lidar": true,
    "use_radar": false,
    "use_map": false,
    "use_external": false
  }
}